{
    "mass": {
        "value": 12.852,
        "unit": "kg"
    },
    "inertia": {
        "value": 0.222,
        "unit": "kg*m^2"
    },
    "drop_states": {
        "value": [2.66, 1.21, 3.14159],
        "unit": ["m", "m", "rad"]
    },
    "init_states": {
        "value": [1.7558, 1.2096, 0],
        "unit": ["m", "m", "rad"]
    },
    "home_states": {
        "value": [1.7558, 1.2096, 0],
        "unit": ["m", "m", "rad"]
    },
    "thruster_dist2CG": {
        "value": [87.205421580707600,-50.794578419292380,67.834888223904240,-73.665111776095740,50.794578419292380,-79.605421580707600,68.165111776095740,-60.834888223904244],
        "unit": ["mm", "mm", "mm", "mm", "mm", "mm", "mm", "mm"]
    },
    "thruster_force": {
        "value": [0.28, 0.28, 0.28, 0.28, 0.28, 0.28, 0.28, 0.28],
        "unit": ["N", "N", "N", "N", "N", "N", "N", "N"]
    }
}