{
    "mass": {
        "value": 11.418,
        "unit": "kg"
    },
    "inertia": {
        "value": 0.198,
        "unit": "kg*m^2"
    },
    "drop_states": {
        "value": [0.86, 1.21, 0],
        "unit": ["m", "m", "rad"]
    },
    "init_states": {
        "value": [0.86, 1.21, 0],
        "unit": ["m", "m", "rad"]
    },
    "home_states": {
        "value": [0.86, 1.21, 0],
        "unit": ["m", "m", "rad"]
    },
    "thruster_dist2CG": {
        "value": [87.2054215807076, -50.79457841929238, 67.83488822390424, -73.66511177609574, 50.79457841929238, -79.6054215807076, 68.16511177609574, -60.834888223904244],
        "unit": ["mm", "mm", "mm", "mm", "mm", "mm", "mm", "mm"]
    },
    "thruster_force": {
        "value": [0.28, 0.28, 0.28, 0.28, 0.28, 0.28, 0.28, 0.28],
        "unit": ["N", "N", "N", "N", "N", "N", "N", "N"]
    }
}